time,rope_p0_x,rope_p0_y,rope_p0_z,rope_p1_x,rope_p1_y,rope_p1_z,rope_p2_x,rope_p2_y,rope_p2_z,rope_p3_x,rope_p3_y,rope_p3_z,rope_p4_x,rope_p4_y,rope_p4_z,rope_p5_x,rope_p5_y,rope_p5_z,rope_p6_x,rope_p6_y,rope_p6_z,rope_p7_x,rope_p7_y,rope_p7_z,rope_p8_x,rope_p8_y,rope_p8_z,goal_traj_x,goal_traj_y,goal_traj_z
1776718725.08,0.480024069548,-0.29908773303,0.448212891817,0.480598390102,-0.298824906349,0.349928736687,0.480779886246,-0.298497766256,0.248981356621,0.481322705746,-0.298470556736,0.149242430925,0.481375336647,-0.298617482185,0.0503032207489,0.48176908493,-0.297919422388,-0.0478929579258,0.480161845684,-0.297141313553,-0.149385839701,0.482799828053,-0.295882761478,-0.247392296791,0.482804059982,-0.295488744974,-0.368422716856,0.481277525425,-0.296095281839,-0.368298530579
1776718730.08,0.47991797328,-0.298915982246,0.447782576084,0.479965031147,-0.298553586006,0.349249482155,0.480579972267,-0.298487454653,0.248634383082,0.481147050858,-0.298270106316,0.148047953844,0.481347382069,-0.298354387283,0.04970144853,0.481898069382,-0.298182249069,-0.04859341681,0.480184316635,-0.297163814306,-0.149560034275,0.48206704855,-0.296132713556,-0.24866437912,0.483089089394,-0.296813547611,-0.368592500687,0.482375860214,-0.295485079288,-0.368298530579
1776718730.09,0.479918181896,-0.298916459084,0.447779178619,0.479954957962,-0.2985214293,0.349301993847,0.480584263802,-0.29857391119,0.248583868146,0.481162190437,-0.298273980618,0.148047477007,0.481320500374,-0.298415541649,0.0496693626046,0.482066035271,-0.298162788153,-0.0483079254627,0.480385065079,-0.297430336475,-0.149479985237,0.482062697411,-0.2961358428,-0.248659193516,0.482994496822,-0.296875983477,-0.368542939425,0.483519911766,-0.294849485159,-0.368298530579
1776718730.11,0.479917675257,-0.298914521933,0.447777926922,0.480382859707,-0.298502445221,0.349418997765,0.480638742447,-0.29854413867,0.248515039682,0.481096863747,-0.298291236162,0.148100465536,0.481352388859,-0.29835113883,0.049695007503,0.481759727001,-0.298195302486,-0.0484324544668,0.481751799583,-0.29726421833,-0.148473232985,0.482708930969,-0.296544194221,-0.248207479715,0.483059108257,-0.296802252531,-0.368614286184,0.484711527824,-0.294187396765,-0.368298530579
1776718730.12,0.479929476976,-0.298898518085,0.447776138783,0.480366766453,-0.29849371314,0.34942394495,0.480474710464,-0.298513650894,0.248557329178,0.481158196926,-0.298272281885,0.148046553135,0.481332540512,-0.298352599144,0.0497023537755,0.481732606888,-0.298194050789,-0.0484466254711,0.481810748577,-0.297206521034,-0.148192107677,0.482155501842,-0.296457320452,-0.248574078083,0.483026742935,-0.296780586243,-0.368639796972,0.485952615738,-0.29349771142,-0.368298530579
1776718730.14,0.479964286089,-0.298859089613,0.447762995958,0.48002654314,-0.298453450203,0.349436640739,0.480451643467,-0.298551827669,0.248524978757,0.481168329716,-0.298572331667,0.148414030671,0.481205463409,-0.298431307077,0.0495850555599,0.481690108776,-0.298207074404,-0.0484177172184,0.481751382351,-0.297199010849,-0.148249268532,0.482682883739,-0.296703249216,-0.248121142387,0.482896149158,-0.296810626984,-0.368765234947,0.48724514246,-0.292779326439,-0.368298530579
1776718730.15,0.480058610439,-0.298782914877,0.447712540627,0.479941129684,-0.298518329859,0.349298506975,0.480396866798,-0.298503667116,0.248564049602,0.481142282486,-0.29827478528,0.14805687964,0.481053113937,-0.298446625471,0.049473579973,0.481651186943,-0.298209428787,-0.0484247803688,0.481630325317,-0.297221511602,-0.14829403162,0.482593417168,-0.296746999025,-0.247920125723,0.482874929905,-0.296759903431,-0.36862295866,0.488591253757,-0.292030990124,-0.368298530579
1776718730.17,0.480237811804,-0.298665493727,0.447622597218,0.479945957661,-0.298529982567,0.349314153194,0.480420827866,-0.298526763916,0.24850474298,0.481092810631,-0.298675864935,0.148663252592,0.481035470963,-0.298703074455,0.0493897646666,0.481617748737,-0.298211038113,-0.0484328269958,0.480178952217,-0.297585010529,-0.149638980627,0.482642591,-0.296888291836,-0.247933059931,0.482774317265,-0.296904116869,-0.368820548058,0.489992976189,-0.291251480579,-0.368298530579
1776718730.18,0.480583250523,-0.298564404249,0.447469890118,0.480371177197,-0.298500925303,0.349414587021,0.480508506298,-0.298564255238,0.24838873744,0.481097280979,-0.298675686121,0.148494288325,0.481042802334,-0.298878520727,0.0494974404573,0.481565117836,-0.298199504614,-0.0484930127859,0.480222761631,-0.297606468201,-0.149618506432,0.482504427433,-0.297015041113,-0.247931808233,0.482783436775,-0.296910107136,-0.368810623884,0.491452515125,-0.290439486504,-0.368298530579
1776718730.2,0.481159567833,-0.298490941525,0.447286635637,0.480376958847,-0.298483222723,0.349407732487,0.480512976646,-0.298603475094,0.248363047838,0.481028974056,-0.298321425915,0.14808639884,0.481118619442,-0.298848569393,0.0495310649276,0.480714082718,-0.298261195421,-0.049021422863,0.481513679028,-0.297321259975,-0.148541748524,0.482604384422,-0.297035396099,-0.247799277306,0.482734441757,-0.296762317419,-0.368786692619,0.492972195148,-0.289593666792,-0.368298530579
1776718730.22,0.482231348753,-0.298405557871,0.447003096342,0.480586349964,-0.298310607672,0.349138498306,0.480460643768,-0.298380076885,0.248303249478,0.480906665325,-0.298228442669,0.147842377424,0.48095947504,-0.298849701881,0.0493470132351,0.480775713921,-0.298243492842,-0.0487841963768,0.480270445347,-0.297624021769,-0.149606347084,0.482440412045,-0.297056555748,-0.248044103384,0.48270201683,-0.296787202358,-0.368897914886,0.49455422163,-0.288712620735,-0.368298530579
1776718730.23,0.483283042908,-0.298321932554,0.446703225374,0.480781137943,-0.29845392704,0.34889703989,0.480486929417,-0.298370480537,0.248286262155,0.480904400349,-0.298227399588,0.147842049599,0.480895102024,-0.29882273078,0.0493189841509,0.480800628662,-0.298361599445,-0.048934713006,0.480290174484,-0.297623574734,-0.149612814188,0.482027590275,-0.297159075737,-0.248489528894,0.48266929388,-0.296773612499,-0.3689237535,0.496201097965,-0.287794858217,-0.368298530579
1776718730.24,0.484749555588,-0.29814261198,0.446222901344,0.481765270233,-0.29851680994,0.349061429501,0.480962455273,-0.298352628946,0.247981265187,0.481031298637,-0.298211842775,0.147755756974,0.480739116669,-0.298892199993,0.0491855591536,0.480686724186,-0.298350691795,-0.0490306913853,0.479598224163,-0.297871917486,-0.150335133076,0.48160380125,-0.297201216221,-0.248871892691,0.482572555542,-0.296915769577,-0.36908480525,0.497915267944,-0.286838889122,-0.368298530579
1776718730.26,0.486431598663,-0.297853171825,0.445650160313,0.482338726521,-0.29856055975,0.348823785782,0.481418967247,-0.298337310553,0.248019456863,0.481167852879,-0.298216074705,0.147743761539,0.480734050274,-0.298644959927,0.0489108785987,0.480658769608,-0.298235088587,-0.0493979007006,0.479377746582,-0.297517001629,-0.15064406395,0.481689691544,-0.297364443541,-0.248788028955,0.482606649399,-0.296841859818,-0.369285255671,0.499699234962,-0.285843044519,-0.368298530579
1776718730.27,0.488766610622,-0.297441542149,0.444904237986,0.483923494816,-0.298848748207,0.348583251238,0.483289062977,-0.298090070486,0.248090907931,0.481634616852,-0.298096776009,0.147095575929,0.480843961239,-0.298576205969,0.0486107096076,0.48057025671,-0.298046886921,-0.0498344898224,0.47975808382,-0.297874748707,-0.150795310736,0.481568872929,-0.297138005495,-0.249286860228,0.482360303402,-0.297157794237,-0.369984954596,0.501555562019,-0.284805744886,-0.368298530579
1776718730.29,0.491154700518,-0.296913087368,0.444185018539,0.485404491425,-0.299005329609,0.347970545292,0.483638823032,-0.298410236835,0.246729403734,0.482065141201,-0.298385322094,0.146386057138,0.481027007103,-0.298737823963,0.0479134172201,0.480379343033,-0.298522621393,-0.0507436543703,0.479784190655,-0.297794818878,-0.151129901409,0.481435894966,-0.297029644251,-0.249461263418,0.481997847557,-0.297419130802,-0.370676398277,0.503486871719,-0.283725231886,-0.368298530579
1776718730.3,0.49407568574,-0.296092391014,0.443190693855,0.487890303135,-0.298629611731,0.346642076969,0.485802948475,-0.298805147409,0.246197193861,0.483582019806,-0.298320770264,0.1455103755,0.481715321541,-0.298978835344,0.0469462051988,0.480825006962,-0.298614382744,-0.0516017377377,0.480843603611,-0.297255158424,-0.151244312525,0.481379747391,-0.296554028988,-0.250607520342,0.482524573803,-0.298088520765,-0.370776623487,0.505495905876,-0.282599687576,-0.368298530579
1776718730.32,0.497341036797,-0.295056253672,0.442127555609,0.489862382412,-0.29856723547,0.346434116364,0.486901640892,-0.298711001873,0.245088964701,0.484255969524,-0.298327147961,0.145252779126,0.482650876045,-0.298969388008,0.0470012053847,0.481891036034,-0.298498541117,-0.0514003634453,0.480728566647,-0.297233313322,-0.151680290699,0.481003761292,-0.296668559313,-0.251202106476,0.482516884804,-0.297531396151,-0.371481209993,0.507585346699,-0.281427264214,-0.368298530579
1776718730.33,0.500919878483,-0.293725013733,0.441034883261,0.493078887463,-0.29820767045,0.344954848289,0.48993909359,-0.298542559147,0.244227468967,0.4869171381,-0.298235744238,0.143867015839,0.483701050282,-0.298447221518,0.044920258224,0.481110572815,-0.298491150141,-0.0539128631353,0.481451094151,-0.297586381435,-0.151994735003,0.48122882843,-0.296684294939,-0.252678453922,0.480944812298,-0.297011733055,-0.373602122068,0.509757995605,-0.280205994844,-0.368298530579
1776718730.35,0.504732787609,-0.292196035385,0.43996244669,0.495486021042,-0.297549277544,0.344461262226,0.491789221764,-0.298068374395,0.243758559227,0.488136351109,-0.298528790474,0.143293380737,0.485154211521,-0.299011111259,0.0445627942681,0.480973064899,-0.297917574644,-0.0552807748318,0.480088710785,-0.297851115465,-0.154777318239,0.481412768364,-0.296795606613,-0.253004461527,0.481323242188,-0.297177612782,-0.373822122812,0.512016654015,-0.278933852911,-0.368298530579
1776718730.36,0.508786380291,-0.29039695859,0.438699126244,0.499769806862,-0.296568572521,0.34305152297,0.495682895184,-0.297666162252,0.242220342159,0.491512537003,-0.298214137554,0.141780257225,0.488247275352,-0.299283951521,0.0434683412313,0.483777761459,-0.298242390156,-0.0567009150982,0.481161534786,-0.298251867294,-0.155650049448,0.482148647308,-0.297066599131,-0.254758745432,0.481242954731,-0.297138005495,-0.375160753727,0.514364123344,-0.277608722448,-0.368298530579
1776718730.38,0.51311814785,-0.28835773468,0.437546491623,0.502460241318,-0.295726507902,0.342547953129,0.498272716999,-0.296957671642,0.241355150938,0.493655979633,-0.297415733337,0.140935584903,0.489497482777,-0.29875856638,0.0423444062471,0.483961999416,-0.297942459583,-0.0577041655779,0.483001112938,-0.298718065023,-0.156193971634,0.481911659241,-0.297146528959,-0.25584718585,0.4809435606,-0.297091722488,-0.376324981451,0.516803205013,-0.276228368282,-0.368298530579
1776718730.39,0.518002450466,-0.285774022341,0.436355441809,0.508106052876,-0.293752908707,0.340873837471,0.503262042999,-0.295449435711,0.239620283246,0.498295783997,-0.296871453524,0.139656975865,0.493547439575,-0.299230307341,0.0407870486379,0.488701283932,-0.299618959427,-0.0581949353218,0.486436963081,-0.299339294434,-0.15564969182,0.483825981617,-0.296949476004,-0.255895465612,0.480284571648,-0.297448128462,-0.377328664064,0.519336700439,-0.274790495634,-0.368298530579
1776718730.41,0.522438824177,-0.28310367465,0.435196638107,0.510588884354,-0.29285877943,0.339367866516,0.505842089653,-0.29478558898,0.239005342126,0.50133895874,-0.29596170783,0.139524355531,0.495717287064,-0.298513948917,0.0402894094586,0.48839622736,-0.297564268112,-0.0602945685387,0.487513422966,-0.298405766487,-0.157529562712,0.483416080475,-0.297639131546,-0.25768250227,0.479896306992,-0.29739689827,-0.377955496311,0.521967351437,-0.27329275012,-0.368298530579
1776718730.42,0.527630269527,-0.279763132334,0.433987289667,0.517057716846,-0.290228784084,0.338307201862,0.511939883232,-0.292875111103,0.237263053656,0.506025314331,-0.295142829418,0.137337297201,0.500358700752,-0.297322362661,0.0387588515878,0.493827402592,-0.298476994038,-0.059927046299,0.489153325558,-0.299358189106,-0.160648405552,0.48492193222,-0.297483354807,-0.259052097797,0.480544686317,-0.297462046146,-0.378539353609,0.524697840214,-0.271732568741,-0.368298530579
1776718730.44,0.532265782356,-0.27645906806,0.43300807476,0.52022010088,-0.288822114468,0.336944371462,0.514747142792,-0.291696578264,0.23666985333,0.508906185627,-0.294377028942,0.13647224009,0.503050506115,-0.297265201807,0.0380800366402,0.494642615318,-0.296845108271,-0.062227755785,0.489856243134,-0.298234403133,-0.160872787237,0.486078321934,-0.297206193209,-0.259311139584,0.47964656353,-0.297576665878,-0.380455613136,0.527530908585,-0.270107418299,-0.368298530579
1776718730.45,0.537108361721,-0.272811800241,0.43189561367,0.526934981346,-0.28565248847,0.33600050211,0.521558225155,-0.289145976305,0.234986037016,0.51520806551,-0.292387932539,0.135172203183,0.508326768875,-0.295256376266,0.0364374369383,0.502746522427,-0.296006262302,-0.0602843165398,0.493553340435,-0.297464728355,-0.161941200495,0.48779797554,-0.296873748302,-0.260691016912,0.479687094688,-0.297363340855,-0.381462067366,0.530468940735,-0.26841455698,-0.368298530579
1776718730.47,0.541861414909,-0.269059926271,0.430968791246,0.530148565769,-0.283644914627,0.334990292788,0.524719059467,-0.287435770035,0.234576821327,0.519701063633,-0.290649086237,0.136574283242,0.511466026306,-0.294734030962,0.0358946248889,0.502336740494,-0.295451790094,-0.0632271915674,0.494085073471,-0.295867502689,-0.164218246937,0.489574730396,-0.296038746834,-0.260527700186,0.479252457619,-0.297714143991,-0.382553935051,0.53351444006,-0.266651183367,-0.368298530579
1776718730.48,0.546519041061,-0.265108197927,0.430221021175,0.536882996559,-0.279104441404,0.333514392376,0.531655609608,-0.283646017313,0.23300999403,0.525089383125,-0.287898480892,0.132992714643,0.517530202866,-0.291730046272,0.0345134809613,0.507166147232,-0.293014854193,-0.0654389262199,0.499066412449,-0.295791715384,-0.163448303938,0.491474747658,-0.296485841274,-0.26181435585,0.47952234745,-0.298007935286,-0.383436232805,0.536669492722,-0.264814317226,-0.368298530579
1776718730.5,0.550732374191,-0.261275321245,0.429429709911,0.54067581892,-0.276680350304,0.333264827728,0.535012722015,-0.281687289476,0.232632964849,0.529625535011,-0.28531768918,0.133912101388,0.519981682301,-0.290163129568,0.0338409394026,0.509462237358,-0.291718512774,-0.0660232454538,0.505002081394,-0.295602977276,-0.159743517637,0.49219506979,-0.295914679766,-0.262888908386,0.479914665222,-0.297789156437,-0.383898705244,0.539936125278,-0.262900948524,-0.368298530579
1776718730.51,0.555645883083,-0.256309121847,0.428573429585,0.547074258327,-0.271596044302,0.331752151251,0.541420340538,-0.276596367359,0.231377214193,0.534752011299,-0.28084218502,0.131364703178,0.52591574192,-0.286184519529,0.0328958779573,0.513685762882,-0.288936376572,-0.0667259842157,0.505507230759,-0.29245647788,-0.164050728083,0.494703412056,-0.295042127371,-0.26334425807,0.479937434196,-0.297411113977,-0.385335147381,0.543315947056,-0.26090785861,-0.368298530579
1776718730.53,0.559435129166,-0.252212256193,0.428059071302,0.550229012966,-0.268948942423,0.331075429916,0.544724822044,-0.273776441813,0.230672895908,0.537815570831,-0.278874754906,0.131256401539,0.528890907764,-0.284436941147,0.0326642245054,0.518820345402,-0.288811147213,-0.0661508888006,0.506720125675,-0.291951745749,-0.165241003036,0.496700882912,-0.294491946697,-0.263348579407,0.48108959198,-0.298057258129,-0.385128706694,0.546810388565,-0.258831739426,-0.368298530579
1776718730.54,0.563056766987,-0.248015731573,0.42746385932,0.556462585926,-0.263183385134,0.330599427223,0.550446033478,-0.268275171518,0.229793637991,0.543520390987,-0.273587882519,0.130153879523,0.53430980444,-0.280139833689,0.0316731780767,0.523043513298,-0.284454971552,-0.0667006373405,0.509975194931,-0.28866532445,-0.16648876667,0.499779522419,-0.293300956488,-0.263521552086,0.482692182064,-0.297351926565,-0.385433405638,0.550420343876,-0.256669104099,-0.368298530579
1776718730.56,0.566289663315,-0.243911474943,0.426911503077,0.556462585926,-0.263183385134,0.330599427223,0.550446033478,-0.268275171518,0.229793637991,0.543520390987,-0.273587882519,0.130153879523,0.53430980444,-0.280139833689,0.0316731780767,0.523043513298,-0.284454971552,-0.0667006373405,0.509975194931,-0.28866532445,-0.16648876667,0.499779522419,-0.293300956488,-0.263521552086,0.482692182064,-0.297351926565,-0.385433405638,0.554146230221,-0.254416406155,-0.368298530579
1776718730.57,0.569031119347,-0.240051195025,0.426404953003,0.564422011375,-0.254292726517,0.328937917948,0.558843553066,-0.259578078985,0.228541865945,0.551442265511,-0.265615463257,0.128993019462,0.541687548161,-0.272436738014,0.0305275395513,0.529090642929,-0.277964502573,-0.068049967289,0.517769634724,-0.284929454327,-0.166130930185,0.505425333977,-0.290237814188,-0.264605343342,0.488013148308,-0.29818046093,-0.385109841824,0.5579880476,-0.252069830894,-0.368298530579
1776718730.59,0.57152312994,-0.235984265804,0.425965309143,0.56627702713,-0.251640498638,0.328733444214,0.560701429844,-0.257022619247,0.228262573481,0.553869187832,-0.262845635414,0.128534436226,0.54399061203,-0.270183086395,0.0302459299564,0.531009614468,-0.275710344315,-0.0684708803892,0.519397616386,-0.282830476761,-0.166407078505,0.50717997551,-0.288944154978,-0.264849066734,0.489248633385,-0.298141747713,-0.385131150484,0.561944961548,-0.249625518918,-0.368298530579
1776718730.6,0.573281407356,-0.232527315617,0.425672113895,0.570299863815,-0.246467605233,0.327771663666,0.564961314201,-0.251474201679,0.227596491575,0.557871997356,-0.257082641125,0.127683863044,0.547923028469,-0.263988465071,0.0295136123896,0.53680151701,-0.271079450846,-0.0673862546682,0.523181140423,-0.279187351465,-0.167496323586,0.511030912399,-0.286793291569,-0.265176355839,0.492491304874,-0.297538012266,-0.385656803846,0.566015481949,-0.247079357505,-0.368298530579
1776718730.62,0.574650168419,-0.229123428464,0.425352603197,0.572003543377,-0.243451237679,0.32782304287,0.566599547863,-0.248632580042,0.227345615625,0.559678077698,-0.254380613565,0.127291277051,0.5498239398,-0.261637330055,0.0292124301195,0.537352740765,-0.268957257271,-0.0686708688736,0.525697112083,-0.276557058096,-0.167039245367,0.512920022011,-0.285865277052,-0.265361100435,0.49528157711,-0.29703783989,-0.385843724012,0.570197105408,-0.244427129626,-0.368298530579
1776718730.63,0.575569748878,-0.22591355443,0.425150841475,0.574934899807,-0.237969905138,0.327074408531,0.569662451744,-0.243114352226,0.226679205894,0.562768816948,-0.248975545168,0.127033621073,0.553462028503,-0.256661832333,0.0288982242346,0.541848838329,-0.26495680213,-0.0697311758995,0.5295753479,-0.273830413818,-0.168018102646,0.517870366573,-0.282805621624,-0.265835255384,0.50002014637,-0.296013057232,-0.385462790728,0.574486374855,-0.241664409637,-0.368298530579
1776718730.65,0.576112210751,-0.222794756293,0.425000399351,0.575840711594,-0.235665500164,0.32724443078,0.570742249489,-0.24060575664,0.226507455111,0.564188122749,-0.246287107468,0.126738786697,0.554963827133,-0.254301100969,0.0284486413002,0.542608857155,-0.262035518885,-0.0706986039877,0.531424403191,-0.272090256214,-0.167871296406,0.52028799057,-0.281140506268,-0.26584109664,0.502513945103,-0.29475826025,-0.386667996645,0.578878641129,-0.238786578178,-0.368298530579
1776718730.66,0.576233744621,-0.220209807158,0.425011694431,0.576755821705,-0.230787023902,0.32630109787,0.572286188602,-0.235807001591,0.226031839848,0.566349625587,-0.24169151485,0.126244455576,0.557858645916,-0.249617159367,0.028149984777,0.547110855579,-0.258277773857,-0.0700620561838,0.535108625889,-0.268359363079,-0.169077038765,0.525131165981,-0.278888553381,-0.266286998987,0.508817493916,-0.293267697096,-0.386174708605,0.583367884159,-0.235788866878,-0.368298530579
1776718730.68,0.576061487198,-0.217513248324,0.425226837397,0.576786279678,-0.228884205222,0.326313972473,0.572544515133,-0.233609423041,0.226021766663,0.566778719425,-0.239556759596,0.126159563661,0.558855593204,-0.247497677803,0.027971431613,0.547674000263,-0.255978435278,-0.0712320655584,0.538340330124,-0.266885757446,-0.168696284294,0.527747750282,-0.277409911156,-0.266499251127,0.511869311333,-0.291969239712,-0.386522620916,0.587946593761,-0.232666268945,-0.368298530579
1776718730.69,0.575594544411,-0.214846551418,0.425520777702,0.576909720898,-0.224858343601,0.326748967171,0.572768747807,-0.229686036706,0.225695982575,0.567284762859,-0.235584631562,0.125487595797,0.560813426971,-0.244329303503,0.0276722088456,0.55201870203,-0.252567350864,-0.0695548653603,0.541241526604,-0.26320323348,-0.169535368681,0.532981276512,-0.274042397738,-0.267359346151,0.518137991428,-0.289152175188,-0.387009710073,0.592605352402,-0.229413583875,-0.368298530579
1776718730.71,0.574834704399,-0.212233558297,0.425975829363,0.576669692993,-0.22323165834,0.326863974333,0.572665393353,-0.228185757995,0.225732684135,0.567810237408,-0.233723297715,0.125646278262,0.561199128628,-0.242292881012,0.0278465524316,0.553615272045,-0.251017391682,-0.0696295052767,0.544435977936,-0.26177328825,-0.169340133667,0.535550117493,-0.272352039814,-0.267155259848,0.521501064301,-0.287234574556,-0.387410908937,0.597332894802,-0.226025387645,-0.368298530579
1776718730.72,0.573766469955,-0.209768041968,0.426499575377,0.575632929802,-0.219835206866,0.326503813267,0.571671009064,-0.22466135025,0.225797951221,0.568071424961,-0.231241092086,0.125981807709,0.562715947628,-0.239764258265,0.028258651495,0.555103480816,-0.248370081186,-0.0707062184811,0.548638522625,-0.258918225765,-0.169201105833,0.541099786758,-0.269198179245,-0.267047613859,0.52926659584,-0.283457666636,-0.387915343046,0.602115690708,-0.222496032715,-0.368298530579
1776718730.74,0.572488665581,-0.207299292088,0.42719322443,0.574813842773,-0.217806741595,0.327255308628,0.571861028671,-0.223226174712,0.226433426142,0.568100750446,-0.22992490232,0.126316875219,0.563227295876,-0.238590061665,0.0285734534264,0.556937515736,-0.24729424715,-0.0694535374641,0.550576806068,-0.256959378719,-0.168819993734,0.54375821352,-0.267228931189,-0.267468601465,0.533577084541,-0.281740963459,-0.387489050627,0.606937587261,-0.218819648027,-0.368298530579
1776718730.75,0.570937156677,-0.204941302538,0.428135186434,0.573370635509,-0.21468873322,0.327867150307,0.570838153362,-0.220858097076,0.227374345064,0.567542076111,-0.227466136217,0.127111047506,0.563979148865,-0.23654037714,0.0293979421258,0.558173060417,-0.244827568531,-0.0698388069868,0.554077148438,-0.253848463297,-0.168537676334,0.549941062927,-0.263672143221,-0.266842484474,0.542092084885,-0.276520103216,-0.387667447329,0.611779689789,-0.214990094304,-0.368298530579
1776718730.77,0.569115996361,-0.202708750963,0.429231107235,0.572535693645,-0.213018745184,0.328309893608,0.570111870766,-0.219181329012,0.227688610554,0.567313075066,-0.226504966617,0.127748981118,0.564276397228,-0.234764382243,0.0296567752957,0.560726165771,-0.242902547121,-0.0676787495613,0.557312428951,-0.253612965345,-0.165063798428,0.552537202835,-0.261475265026,-0.266635268927,0.545960247517,-0.274448931217,-0.387337386608,0.616619944572,-0.211000993848,-0.368298530579
1776718730.78,0.566700160503,-0.200328469276,0.430445700884,0.570555686951,-0.209875494242,0.329612374306,0.568757534027,-0.216444730759,0.22893178463,0.567005038261,-0.224084272981,0.12876200676,0.564753234386,-0.232887014747,0.0312749892473,0.562591969967,-0.240445449948,-0.066546857357,0.559182047844,-0.249661028385,-0.16705852747,0.55813652277,-0.257494539022,-0.265587985516,0.554592370987,-0.268533200026,-0.386604130268,0.621432721615,-0.206845715642,-0.368298530579
1776718730.8,0.564613163471,-0.198564216495,0.431447505951,0.569121658802,-0.207918897271,0.329922318459,0.56808501482,-0.214944005013,0.229418158531,0.56681907177,-0.22212344408,0.13028010726,0.565037071705,-0.231443986297,0.0314942225814,0.562673568726,-0.240097105503,-0.0667701512575,0.563152611256,-0.249237731099,-0.163220047951,0.56103426218,-0.255582034588,-0.265353798866,0.559956967831,-0.267074197531,-0.383636176586,0.626188635826,-0.202517330647,-0.368298530579
1776718730.81,0.561929762363,-0.196644604206,0.432771533728,0.566602468491,-0.205066606402,0.331903487444,0.566220760345,-0.212183848023,0.231342822313,0.566110610962,-0.219879120588,0.131717264652,0.565260827541,-0.22829054296,0.0332916751504,0.565608263016,-0.236285343766,-0.0642490983009,0.567023277283,-0.245068997145,-0.161797076464,0.566391706467,-0.250976324081,-0.263440310955,0.568368673325,-0.261010795832,-0.382047355175,0.630673110485,-0.19818893075,-0.368298530579
1776718730.83,0.558974862099,-0.194792196155,0.43389326334,0.565288603306,-0.2034073174,0.332979649305,0.565137028694,-0.210390180349,0.231852024794,0.566084325314,-0.218546375632,0.132150322199,0.565874636173,-0.227046459913,0.0337302684784,0.565429985523,-0.234600692987,-0.0649013221264,0.567448735237,-0.241939038038,-0.164340525866,0.570601224899,-0.248803004622,-0.261512815952,0.57244092226,-0.256539553404,-0.382456690073,0.634877681732,-0.193860530853,-0.368298530579
1776718730.84,0.555414497852,-0.192809253931,0.435314953327,0.562155365944,-0.200751006603,0.334218353033,0.563517510891,-0.20803758502,0.234097331762,0.565236508846,-0.215422153473,0.133915528655,0.567026853561,-0.223537370563,0.0357796177268,0.568740546703,-0.230114072561,-0.0632682740688,0.572132408619,-0.23734664917,-0.162519007921,0.577249586582,-0.242855608463,-0.26006102562,0.581049740314,-0.250478863716,-0.380941331387,0.638794541359,-0.189532145858,-0.368298530579
1776718730.86,0.552554368973,-0.191266179085,0.436319023371,0.560581505299,-0.199299961329,0.335440397263,0.562410235405,-0.205753609538,0.234943315387,0.56506061554,-0.213386401534,0.134930983186,0.567639887333,-0.221427112818,0.0364622026682,0.570227146149,-0.22777171433,-0.0623347759247,0.576649069786,-0.235261961818,-0.159016400576,0.579769253731,-0.240321606398,-0.259051322937,0.585532665253,-0.247616425157,-0.37973806262,0.642416357994,-0.185203745961,-0.368298530579
1776718730.87,0.549016594887,-0.189429685473,0.437356114388,0.556643724442,-0.196183621883,0.337206691504,0.560088574886,-0.202662304044,0.236554071307,0.565044641495,-0.209932163358,0.137511044741,0.568921744823,-0.216677516699,0.0382739901543,0.573877453804,-0.222534790635,-0.0598731935024,0.580238997936,-0.229151546955,-0.157667547464,0.586724340916,-0.233770608902,-0.257435649633,0.592960417271,-0.240998834372,-0.378126561642,0.645736336708,-0.180875360966,-0.368298530579
1776718730.89,0.545065045357,-0.187382489443,0.438311576843,0.554774463177,-0.194657728076,0.337511241436,0.558994710445,-0.201019123197,0.237821832299,0.564119398594,-0.207222759724,0.137269243598,0.570661604404,-0.214225590229,0.0408489182591,0.575341999531,-0.220179364085,-0.0590608119965,0.58177626133,-0.225372955203,-0.158704072237,0.589722931385,-0.230539217591,-0.256679564714,0.596994638443,-0.237841293216,-0.376548171043,0.648748219013,-0.176546961069,-0.368298530579
1776718730.9,0.541459679604,-0.18542291224,0.438895910978,0.550837814808,-0.191270276904,0.339337646961,0.556859493256,-0.196707978845,0.239129051566,0.563636064529,-0.20245039463,0.138944685459,0.571732878685,-0.208720043302,0.0423497185111,0.578173458576,-0.213926777244,-0.0572221279144,0.58686709404,-0.219271823764,-0.155330121517,0.595752894878,-0.223725363612,-0.254351079464,0.604344904423,-0.230330660939,-0.374837130308,0.651446461678,-0.172218576074,-0.368298530579
1776718730.92,0.537355422974,-0.18288192153,0.439532011747,0.549149096012,-0.189583837986,0.340203046799,0.55585205555,-0.194535925984,0.239700347185,0.563414394855,-0.199904933572,0.139761254191,0.571390271187,-0.205675408244,0.0412593856454,0.579881548882,-0.210643127561,-0.0561988800764,0.588322997093,-0.215350821614,-0.156042933464,0.598436057568,-0.220335543156,-0.254264950752,0.608444213867,-0.227323964238,-0.373029232025,0.653825879097,-0.167890176177,-0.368298530579
1776718730.93,0.533744692802,-0.180431902409,0.439860194921,0.545090615749,-0.185799002647,0.341054409742,0.553779482841,-0.189985662699,0.240895211697,0.563285946846,-0.194413870573,0.141324430704,0.572553038597,-0.199472159147,0.0431489795446,0.582454264164,-0.204040527344,-0.0548580884933,0.59251999855,-0.209002360702,-0.153970062733,0.603888690472,-0.21311853826,-0.251720368862,0.615795373917,-0.219493225217,-0.371714562178,0.655882060528,-0.16356177628,-0.368298530579
1776718730.95,0.52990436554,-0.177457675338,0.440186798573,0.542943298817,-0.183801218867,0.341881275177,0.552358686924,-0.187369123101,0.241593256593,0.563104510307,-0.191520676017,0.142276257277,0.573338627815,-0.196407496929,0.0438824594021,0.583821892738,-0.200705617666,-0.0540690869093,0.594973623753,-0.205426692963,-0.152321130037,0.606383264065,-0.209698453546,-0.25103867054,0.619104623795,-0.216173008084,-0.371073007584,0.657611250877,-0.159233391285,-0.368298530579
1776718730.96,0.526043772697,-0.174074485898,0.440179884434,0.538365721703,-0.17913480103,0.342305004597,0.549668371677,-0.182671457529,0.242442190647,0.561632335186,-0.185783565044,0.143066719174,0.573677241802,-0.190386980772,0.0450544729829,0.585719823837,-0.193854942918,-0.0523944497108,0.597701072693,-0.198151141405,-0.15140786767,0.611205399036,-0.202425003052,-0.249135106802,0.624776422977,-0.208259284496,-0.369819879532,0.659010052681,-0.154904991388,-0.368298530579
1776718730.98,0.522261559963,-0.170387536287,0.440124958754,0.536199867725,-0.176638260484,0.342445194721,0.548107385635,-0.179726496339,0.242347449064,0.561085283756,-0.18292671442,0.14391066134,0.574091672897,-0.187302231789,0.0456774011254,0.586684405804,-0.190942779183,-0.0518503934145,0.599336445332,-0.19435057044,-0.151340872049,0.613592326641,-0.198653504252,-0.248561620712,0.628516435623,-0.204275801778,-0.368905991316,0.660075962543,-0.150576606393,-0.368298530579
1776718730.99,0.518488049507,-0.166449919343,0.439912140369,0.531502127647,-0.171419680119,0.342722147703,0.54472643137,-0.174421131611,0.243099763989,0.559448361397,-0.177536815405,0.14414639771,0.57324463129,-0.181061789393,0.0464978292584,0.58757007122,-0.184001773596,-0.0507683902979,0.602242946625,-0.1875218153,-0.149955362082,0.617487132549,-0.190965622663,-0.247306585312,0.633780002594,-0.196612089872,-0.366845786572,0.660806953907,-0.146248206496,-0.368298530579
1776718731.01,0.514787495136,-0.162281155586,0.439529687166,0.529413998127,-0.168731942773,0.342403709888,0.543045043945,-0.171544328332,0.243226528168,0.55791002512,-0.17417627573,0.144133150578,0.572782576084,-0.177746981382,0.0467560067773,0.587833881378,-0.180862754583,-0.0503312349319,0.603179454803,-0.183744132519,-0.149394720793,0.619647800922,-0.187382414937,-0.24646243453,0.637278258801,-0.193070292473,-0.365738630295,0.66120159626,-0.141919821501,-0.368298530579
1776718731.02,0.511127173901,-0.157968252897,0.439057201147,0.524720132351,-0.162948608398,0.342370390892,0.539336323738,-0.165488749743,0.243325412273,0.555553615093,-0.168278485537,0.144631490111,0.571688711643,-0.17149668932,0.0469914004207,0.588083684444,-0.174195721745,-0.0497674047947,0.604844450951,-0.177115902305,-0.148380428553,0.622291624546,-0.179675847292,-0.24500259757,0.64225423336,-0.18443249166,-0.364390075207,0.661259293556,-0.137591421604,-0.368298530579
1776718731.04,0.507485508919,-0.153561890125,0.43841791153,0.522358238697,-0.159635826945,0.342496842146,0.53732329607,-0.162526264787,0.243021756411,0.55377393961,-0.164960831404,0.144823417068,0.571254491806,-0.168438211083,0.0480907484889,0.587848961353,-0.170973494649,-0.0494675785303,0.605199277401,-0.173274353147,-0.148273825645,0.624229609966,-0.176063001156,-0.245000958443,0.644735693932,-0.18071039021,-0.363858431578,0.660979747772,-0.133263021708,-0.368298530579
1776718731.06,0.503988146782,-0.149106428027,0.437821269035,0.517530441284,-0.15323753655,0.341895699501,0.533242404461,-0.156023845077,0.242784887552,0.550614416599,-0.158493325114,0.144160062075,0.568463921547,-0.16174903512,0.0475564450026,0.586996853352,-0.164327815175,-0.0493554025888,0.605738937855,-0.166897922754,-0.147514343262,0.626299142838,-0.168751582503,-0.243660181761,0.648827791214,-0.171920031309,-0.362882435322,0.660363674164,-0.128934636712,-0.368298530579
1776718731.07,0.500582993031,-0.144646823406,0.437096148729,0.515400290489,-0.150257825851,0.341794461012,0.531335473061,-0.152649864554,0.242270633578,0.54909914732,-0.15516833961,0.143672913313,0.5672981143,-0.158345416188,0.0470850467682,0.585946321487,-0.160929456353,-0.0494433939457,0.605688095093,-0.162930324674,-0.147876560688,0.626575052738,-0.16471157968,-0.244051069021,0.650006830692,-0.167941689491,-0.362253934145,0.65941208601,-0.124606236815,-0.368298530579
1776718731.08,0.497464060783,-0.140065789223,0.436374157667,0.510545790195,-0.143753141165,0.340625584126,0.527432203293,-0.145838886499,0.241614669561,0.545443952084,-0.148476347327,0.143612772226,0.564369440079,-0.151686623693,0.0462972745299,0.584281742573,-0.154469773173,-0.0499095618725,0.605059325695,-0.155852153897,-0.14760312438,0.627445042133,-0.156914278865,-0.243475466967,0.653015673161,-0.158854052424,-0.362785339355,0.658126831055,-0.120277844369,-0.368298530579
1776718731.1,0.494539707899,-0.135577276349,0.435699433088,0.508110523224,-0.140220016241,0.340289592743,0.525220155716,-0.142509117723,0.241214692593,0.543808043003,-0.145015463233,0.143320769072,0.562937021255,-0.148091584444,0.0465290769935,0.583059489727,-0.150343120098,-0.0498406887054,0.60473626852,-0.15209081769,-0.147388041019,0.627792060375,-0.153012961149,-0.24345985055,0.654099822044,-0.15493042767,-0.361284226179,0.656510293484,-0.115949451923,-0.368298530579
1776718731.11,0.491807103157,-0.131248816848,0.434968858957,0.503713309765,-0.133753508329,0.339630246162,0.520853161812,-0.13601796329,0.240272551775,0.539602041245,-0.137808158994,0.142437934875,0.559764027596,-0.141020163894,0.0460212007165,0.580805897713,-0.142777472734,-0.0506656765938,0.60320609808,-0.14380684495,-0.147907733917,0.627721428871,-0.145150095224,-0.242754101753,0.655659496784,-0.146063163877,-0.361432284117,0.654565513134,-0.111621059477,-0.368298530579
1776718731.13,0.489282786846,-0.12714804709,0.434410721064,0.501866519451,-0.130513995886,0.338885307312,0.518671393394,-0.13260409236,0.240079566836,0.53766566515,-0.134526073933,0.141607373953,0.558038651943,-0.13711284101,0.045262850821,0.579545617104,-0.13884267211,-0.0508003979921,0.60250556469,-0.139774516225,-0.147815972567,0.627234101295,-0.14009976387,-0.243923783302,0.656112968922,-0.14198179543,-0.361200034618,0.652296125889,-0.107292667031,-0.368298530579
1776718731.14,0.486911088228,-0.123446434736,0.433811664581,0.497628927231,-0.124346874654,0.338301181793,0.514585316181,-0.125923871994,0.239280328155,0.533763110638,-0.12727946043,0.14106990397,0.554407954216,-0.129300564528,0.0445022210479,0.576730072498,-0.130706965923,-0.0513423085213,0.60058838129,-0.131441324949,-0.14818662405,0.626477956772,-0.131464168429,-0.244296789169,0.656874716282,-0.133152022958,-0.361677318811,0.649706363678,-0.102964274585,-0.368298530579
1776718731.16,0.484743386507,-0.120114646852,0.433281451464,0.495841324329,-0.12140122056,0.33772367239,0.512543857098,-0.122298851609,0.23868316412,0.53216201067,-0.123614102602,0.140257328749,0.55261194706,-0.125547885895,0.0444311499596,0.574947953224,-0.126530215144,-0.0518700778484,0.599242091179,-0.127172067761,-0.14832252264,0.625536978245,-0.12772449851,-0.243804961443,0.656510055065,-0.129109039903,-0.360872775316,0.646801114082,-0.0986358821392,-0.368298530579
1776718731.17,0.482804059982,-0.117130815983,0.432882249355,0.492484629154,-0.115714296699,0.336966335773,0.509079217911,-0.115723609924,0.237948328257,0.528209030628,-0.116231329739,0.140045434237,0.549188494682,-0.117500223219,0.0437169000506,0.571749508381,-0.117925263941,-0.0522590577602,0.596442759037,-0.118528187275,-0.149450331926,0.623226463795,-0.118687875569,-0.245102018118,0.654630720615,-0.120538361371,-0.361750692129,0.643585801125,-0.0943074822426,-0.368298530579
1776718731.19,0.481066226959,-0.114438265562,0.432462781668,0.491182625294,-0.11307118088,0.33685362339,0.50750207901,-0.112492755055,0.23719958961,0.526812136173,-0.112214408815,0.139830589294,0.547728717327,-0.113304428756,0.0435448139906,0.570328652859,-0.113766826689,-0.052961692214,0.595183849335,-0.114403575659,-0.149704962969,0.62171882391,-0.114302910864,-0.24560764432,0.653345823288,-0.11686694622,-0.361074447632,0.640066444874,-0.0899790897965,-0.368298530579
1776718731.2,0.479629337788,-0.112001724541,0.432047486305,0.488564133644,-0.108001045883,0.33597111702,0.505149483681,-0.106490813196,0.237118765712,0.523705899715,-0.104961380363,0.138401284814,0.544286131859,-0.10527895391,0.0421276167035,0.567132294178,-0.10543551296,-0.0535635203123,0.591684281826,-0.105539053679,-0.150282889605,0.618325412273,-0.106399655342,-0.245442301035,0.650295376778,-0.107705436647,-0.362659662962,0.636249661446,-0.0856506973505,-0.368298530579
1776718731.22,0.478723913431,-0.110141985118,0.431805253029,0.487371504307,-0.105851106346,0.335700690746,0.503847420216,-0.103489071131,0.236626714468,0.522609055042,-0.101530402899,0.138318300247,0.542573094368,-0.101394489408,0.0418634414673,0.565086960793,-0.101335115731,-0.053818359971,0.590030133724,-0.101216122508,-0.151002079248,0.616515934467,-0.102198913693,-0.245145052671,0.648524701595,-0.103785067797,-0.362994194031,0.632142603397,-0.0813223049045,-0.368298530579
1776718731.23,0.477650374174,-0.107444055378,0.431426048279,0.485724806786,-0.101835012436,0.33548617363,0.502066254616,-0.0984111577272,0.236358880997,0.520112097263,-0.0956747829914,0.138088613749,0.54068261385,-0.0943279638886,0.0415509790182,0.562208175659,-0.0933144763112,-0.0549105405807,0.586138129234,-0.0929364711046,-0.15159457922,0.612323522568,-0.0929076448083,-0.247502207756,0.643702328205,-0.0943886712193,-0.364456862211,0.627752900124,-0.0769939124584,-0.368298530579
1776718731.25,0.4770616889,-0.105110824108,0.431191623211,0.48488253355,-0.10009265691,0.335321545601,0.50110411644,-0.0962964147329,0.235886439681,0.519224405289,-0.092697404325,0.137737125158,0.539047896862,-0.0908446386456,0.0411581322551,0.560549795628,-0.0892671048641,-0.0547854602337,0.584075927734,-0.0887973308563,-0.152080267668,0.609893918037,-0.0882907807827,-0.248163491488,0.640665233135,-0.0898636206985,-0.3651458323,0.62308883667,-0.0726655200124,-0.368298530579
1776718731.26,0.476752430201,-0.102690286934,0.430981487036,0.483785033226,-0.0970169603825,0.334737509489,0.499282240868,-0.0922462567687,0.2358045578,0.517461895943,-0.0877073258162,0.136874377728,0.536650836468,-0.0850797966123,0.0411096066236,0.55762386322,-0.0827067196369,-0.055404022336,0.580169379711,-0.0810988247395,-0.1528609097,0.604596316814,-0.0800394490361,-0.249261647463,0.633671104908,-0.0818579271436,-0.366284191608,0.618159115314,-0.0683371275663,-0.368298530579
1776718731.28,0.476733505726,-0.100028768182,0.430809408426,0.483034014702,-0.0954002439976,0.334721088409,0.498952567577,-0.090603493154,0.235370874405,0.516745865345,-0.0854748040438,0.136707946658,0.535186886787,-0.0819266587496,0.0400892421603,0.55558848381,-0.0791593939066,-0.0554678887129,0.577784836292,-0.0772450715303,-0.153248101473,0.601893723011,-0.0757046863437,-0.250011146069,0.629935860634,-0.0768728032708,-0.368055284023,0.612973034382,-0.0640087276697,-0.368298530579
1776718731.3,0.477168381214,-0.0960631966591,0.430740952492,0.482850790024,-0.0920151248574,0.33399194479,0.4977414608,-0.0873367115855,0.234944120049,0.515111327171,-0.0816973671317,0.136024042964,0.53299176693,-0.0778661295772,0.0395586341619,0.552571713924,-0.073291555047,-0.0569709092379,0.573505520821,-0.070375457406,-0.154356658459,0.595944881439,-0.0686218738556,-0.250525146723,0.621722638607,-0.0671853795648,-0.369768232107,0.607540249825,-0.059680338949,-0.368298530579
1776718731.31,0.47761335969,-0.0933830216527,0.430745691061,0.482977926731,-0.0906647741795,0.334471136332,0.497657060623,-0.0853023305535,0.234645068645,0.514071524143,-0.0798289254308,0.136227250099,0.531927168369,-0.0758057758212,0.0393705740571,0.551056325436,-0.0714563280344,-0.0567355453968,0.57116740942,-0.0676596984267,-0.154814362526,0.592603802681,-0.0648122951388,-0.251558125019,0.617213368416,-0.0629506856203,-0.370817959309,0.601870894432,-0.0553519427776,-0.368298530579
1776718731.32,0.478369891644,-0.0892837867141,0.430774390697,0.483141541481,-0.0869965553284,0.334149360657,0.497375488281,-0.0822638273239,0.23478230834,0.51323723793,-0.0767721235752,0.135536074638,0.529444277287,-0.0719732418656,0.0384457781911,0.547357499599,-0.067220300436,-0.0577052980661,0.565555095673,-0.0624331645668,-0.156113177538,0.585283517838,-0.057376883924,-0.253107249737,0.607625722885,-0.053728017956,-0.372997581959,0.595975697041,-0.0510235503316,-0.368298530579
1776718731.34,0.479312896729,-0.084601894021,0.430892825127,0.483527004719,-0.0851572453976,0.333970725536,0.497361421585,-0.0806796774268,0.234286367893,0.512344896793,-0.0751309543848,0.135486707091,0.52860045433,-0.0705215111375,0.0387180447578,0.545299589634,-0.0650369226933,-0.0585865974426,0.562686502934,-0.0596186891198,-0.15704959631,0.581596136093,-0.0550314225256,-0.253338754177,0.602210342884,-0.0493565127254,-0.373135149479,0.589865624905,-0.0466951578856,-0.368298530579
1776718731.35,0.48029628396,-0.079440921545,0.431015610695,0.484590649605,-0.0805380269885,0.333819746971,0.49786400795,-0.0769195407629,0.234101057053,0.511701464653,-0.0720911622047,0.135055243969,0.526050150394,-0.0677850022912,0.0375927984715,0.540679335594,-0.0619028173387,-0.0592915862799,0.55644261837,-0.055529743433,-0.157957971096,0.573093235493,-0.048354037106,-0.254829466343,0.591137468815,-0.0403657145798,-0.374824553728,0.583552122116,-0.0423667617142,-0.368298530579
1776718731.37,0.481269955635,-0.0739538893104,0.431136459112,0.484882295132,-0.0777772217989,0.333787083626,0.497538983822,-0.0749201998115,0.23429055512,0.511129021645,-0.0709956139326,0.135054543614,0.524567842484,-0.0667334571481,0.0376815572381,0.538462460041,-0.0604785010219,-0.0600675791502,0.553410291672,-0.0527967400849,-0.158659815788,0.568803608418,-0.0450786612928,-0.255692303181,0.585831642151,-0.0356793776155,-0.375809192657,0.577047109604,-0.0380383692682,-0.368298530579
1776718731.38,0.482288807631,-0.0678617358208,0.431344270706,0.486146330833,-0.0721451640129,0.333937644958,0.497722029686,-0.0701530724764,0.234374940395,0.509655952454,-0.0671959370375,0.134372591972,0.521564781666,-0.0633063018322,0.0364093407989,0.533904731274,-0.0568066760898,-0.0606673657894,0.546715974808,-0.0487918816507,-0.159618228674,0.559548318386,-0.0387982390821,-0.256965368986,0.574264347553,-0.0271100699902,-0.377203404903,0.570362627506,-0.0337099768221,-0.368298530579
1776718731.4,0.483278900385,-0.0616518519819,0.431553274393,0.486309289932,-0.0688671395183,0.334097504616,0.497553646564,-0.0674693658948,0.23389942944,0.50895345211,-0.0649029910564,0.134531021118,0.520199179649,-0.0615570023656,0.0365393608809,0.531212747097,-0.0552583001554,-0.0608209222555,0.542678594589,-0.0462240017951,-0.160052269697,0.554474055767,-0.0353963561356,-0.258251041174,0.56830817461,-0.0229038670659,-0.377601653337,0.563511312008,-0.0293815825135,-0.368298530579
1776718731.41,0.484250932932,-0.0549268983305,0.431826859713,0.486878931522,-0.0620499551296,0.334104955196,0.497205138206,-0.0614219382405,0.233867108822,0.507070064545,-0.0598488897085,0.134015455842,0.516838788986,-0.0568225570023,0.0366675034165,0.525802850723,-0.0500923879445,-0.0616937875748,0.534965395927,-0.0407669767737,-0.160906821489,0.544743895531,-0.0295562334359,-0.259332388639,0.555825829506,-0.0150732044131,-0.378895431757,0.556505918503,-0.0250531900674,-0.368298530579
1776718731.43,0.485142201185,-0.047963488847,0.432147502899,0.487276494503,-0.0579215139151,0.334279596806,0.496930658817,-0.0581998452544,0.23418469727,0.50594496727,-0.0566593259573,0.134499028325,0.514929890633,-0.0539830774069,0.0360347032547,0.52291315794,-0.0473824068904,-0.0619785785675,0.532072842121,-0.0375429429114,-0.160750746727,0.540342092514,-0.0265872851014,-0.258606553078,0.549279868603,-0.0106143178418,-0.379416078329,0.549359619617,-0.0207247957587,-0.368298530579
1776718731.44,0.485931545496,-0.040779363364,0.432464510202,0.487898230553,-0.0499978289008,0.334696531296,0.495710909367,-0.0506518296897,0.234441310167,0.503243505955,-0.0496701449156,0.134027078748,0.510279655457,-0.0470958799124,0.0358859151602,0.516994357109,-0.0408917069435,-0.0617575198412,0.52405166626,-0.0315037146211,-0.161420762539,0.53016102314,-0.0198568347842,-0.260068058968,0.536514222622,-0.0047002392821,-0.380139499903,0.542085826397,-0.0163964033127,-0.368298530579
1776718731.46,0.486673891544,-0.032207839191,0.432797908783,0.487835228443,-0.0455347076058,0.334775477648,0.494954705238,-0.045972276479,0.234132915735,0.501956641674,-0.0452539138496,0.133935332298,0.507682204247,-0.043043024838,0.0357684418559,0.513583958149,-0.0370833687484,-0.0623612105846,0.51897996664,-0.0278319120407,-0.161615490913,0.524771869183,-0.0162903144956,-0.259799689054,0.529743134975,-0.00141439004801,-0.380595743656,0.534698069096,-0.012068009004,-0.368298530579
1776718731.47,0.487045049667,-0.026351198554,0.432978957891,0.48759073019,-0.0364223383367,0.334754705429,0.493539392948,-0.0363840013742,0.234360307455,0.498507261276,-0.0357825905085,0.134426832199,0.503163039684,-0.0337570682168,0.0359691306949,0.507758498192,-0.028258446604,-0.0621781200171,0.510870218277,-0.0201269052923,-0.161625474691,0.514798402786,-0.00951992161572,-0.260035127401,0.51668804884,0.00406887056306,-0.381450712681,0.5272102952,-0.00773961516097,-0.368298530579
1776718731.49,0.487302154303,-0.0189172327518,0.43313485384,0.48771995306,-0.0315790846944,0.335041970015,0.492776930332,-0.0316160470247,0.234927862883,0.497359156609,-0.030347507447,0.134326115251,0.500672996044,-0.0286512095481,0.0361040830612,0.5041000247,-0.02303612791,-0.0615606158972,0.506670475006,-0.0156069435179,-0.161508262157,0.508333384991,-0.00602786615491,-0.260367155075,0.510199010372,0.00643679499626,-0.381717830896,0.519636452198,-0.00341122155078,-0.368298530579
1776718731.5,0.487298995256,-0.011495844461,0.433193743229,0.487543344498,-0.0214481949806,0.335256665945,0.490960121155,-0.0209180675447,0.234758079052,0.493527948856,-0.0196528118104,0.134225636721,0.495259284973,-0.0176842473447,0.0358314439654,0.496139883995,-0.0131314042956,-0.062193185091,0.496278584003,-0.00693265395239,-0.161914795637,0.497601091862,0.0011949732434,-0.260781943798,0.496450841427,0.0108170425519,-0.382693082094,0.511990785599,0.000917172059417,-0.368298530579
1776718731.52,0.486985266209,-0.00362838502042,0.433176606894,0.4872610569,-0.0161954145879,0.335293352604,0.489982008934,-0.0155025599524,0.235154390335,0.491691887379,-0.0133840525523,0.134315013885,0.492473602295,-0.0116608189419,0.0359791368246,0.491724133492,-0.00754599831998,-0.0632577389479,0.491147756577,-0.00229550851509,-0.162540107965,0.491473436356,0.00482176197693,-0.261091321707,0.490432143211,0.0129969762638,-0.383164346218,0.504287540913,0.00524556543678,-0.368298530579
1776718731.53,0.486577600241,0.0016157043865,0.433122009039,0.48666882515,-0.0107739754021,0.335472166538,0.488709867001,-0.00952802971005,0.234850913286,0.490320980549,-0.00752737978473,0.13547860086,0.489599585533,-0.00561704859138,0.0358924269676,0.489126682281,-0.00215828232467,-0.0626018196344,0.487160861492,0.00234039407223,-0.162975490093,0.485796570778,0.00911183096468,-0.262102633715,0.482755720615,0.015778619796,-0.38419380784,0.496541202068,0.00957395881414,-0.368298530579
1776718731.55,0.485602319241,0.0100567834452,0.433001339436,0.485204875469,-0.000444650650024,0.335644841194,0.4858700037,0.0018869896885,0.235050410032,0.485503256321,0.00448983861133,0.134854674339,0.483019530773,0.00638854969293,0.0360329821706,0.480084300041,0.00930703803897,-0.0624333322048,0.477018475533,0.0125415734947,-0.162595570087,0.475048899651,0.0157200358808,-0.261428207159,0.46967959404,0.0195297263563,-0.384464949369,0.488766312599,0.0139023531228,-0.368298530579
1776718731.56,0.484360516071,0.0174514874816,0.432888418436,0.482868134975,0.0100335897878,0.335326135159,0.482510328293,0.0134012904018,0.234996765852,0.480535030365,0.016849277541,0.134883254766,0.476827859879,0.0186466742307,0.0358885228634,0.472463428974,0.0209948476404,-0.0623926520348,0.467881500721,0.021388117224,-0.162407279015,0.464000165462,0.0229366980493,-0.261722952127,0.456800460815,0.0234261918813,-0.384008586407,0.480977356434,0.0182307455689,-0.368298530579
1776718731.58,0.482862859964,0.0240640807897,0.432793319225,0.481519281864,0.0153705682606,0.335087060928,0.480183720589,0.0189782101661,0.234888866544,0.477924227715,0.0224992316216,0.135504767299,0.473531544209,0.024175927043,0.0361096709967,0.468783080578,0.0258373022079,-0.062748208642,0.463434398174,0.0260833930224,-0.162436038256,0.458753108978,0.0260553192347,-0.261412620544,0.449592709541,0.025576075539,-0.383919417858,0.473188996315,0.0225591398776,-0.368298530579
1776718731.59,0.48110461235,0.0303078405559,0.432681649923,0.478656113148,0.0249584950507,0.335366070271,0.476064264774,0.0294918641448,0.234654217958,0.472627341747,0.0334964133799,0.135298907757,0.467104673386,0.0350337997079,0.0362084954977,0.460939705372,0.0358794890344,-0.0622194111347,0.454168260098,0.0343972854316,-0.16250038147,0.447530388832,0.0334935076535,-0.26138189435,0.437172234058,0.0290856659412,-0.38310867548,0.465415716171,0.0268875323236,-0.368298530579
1776718731.61,0.479138046503,0.0362857654691,0.432645916939,0.477327287197,0.0295310094953,0.335347115993,0.473979115486,0.0345444194973,0.234959438443,0.469480395317,0.0384831801057,0.135148942471,0.463980972767,0.0403320379555,0.0368836149573,0.456967830658,0.0403889976442,-0.0623113811016,0.449610888958,0.0385741814971,-0.161797821522,0.443102419376,0.0356683060527,-0.25973674655,0.431474208832,0.031066685915,-0.382428914309,0.45767223835,0.0312159247696,-0.368298530579
1776718731.62,0.47696736455,0.0420204102993,0.432707607746,0.47362267971,0.0380604155362,0.335237264633,0.46899086237,0.043439693749,0.234608113766,0.463970422745,0.0478463582695,0.135376632214,0.457026481628,0.0485100634396,0.0366504341364,0.448885798454,0.0484143383801,-0.0622590333223,0.440370500088,0.0461511164904,-0.161863386631,0.432275354862,0.0423350259662,-0.260585546494,0.419331908226,0.0357980690897,-0.381901681423,0.44997292757,0.035544320941,-0.368298530579
1776718731.64,0.474625080824,0.0475799255073,0.432786136866,0.47161000967,0.0420516841114,0.335446834564,0.466833353043,0.0473037175834,0.235235035419,0.460647404194,0.0515050068498,0.134929701686,0.453369021416,0.052783396095,0.0369354635477,0.444534063339,0.0521557629108,-0.0622082799673,0.435728490353,0.048732381314,-0.161844462156,0.426852583885,0.0454348102212,-0.260151088238,0.413820981979,0.0376505814493,-0.380811065435,0.442332267761,0.039872713387,-0.368298530579
1776718731.65,0.472232997417,0.0528468862176,0.433006167412,0.46779614687,0.0490567982197,0.335114479065,0.461781024933,0.054218403995,0.234735801816,0.455010771751,0.0582775585353,0.135530039668,0.44677901268,0.0587295256555,0.0368534997106,0.436684310436,0.0580717101693,-0.0617035776377,0.426311612129,0.0553361400962,-0.160938024521,0.416545391083,0.0509705096483,-0.260003358126,0.401726841927,0.0439419932663,-0.381395667791,0.434764564037,0.0442011058331,-0.368298530579
1776718731.67,0.469559788704,0.0583426840603,0.433401614428,0.465989291668,0.0523722879589,0.335421264172,0.459561765194,0.0570919290185,0.235328704119,0.452086031437,0.0610414966941,0.135744571686,0.44278973341,0.06102540344,0.036835975945,0.433158695698,0.0611643791199,-0.0610009878874,0.421773433685,0.0576074048877,-0.160708785057,0.411749780178,0.0538993142545,-0.259240150452,0.396704077721,0.0466097481549,-0.380549520254,0.427283942699,0.0485295020044,-0.368298530579
1776718731.68,0.467155575752,0.0627907067537,0.433825910091,0.461881399155,0.0581886842847,0.335561037064,0.454325258732,0.0618019104004,0.235192596912,0.445935070515,0.0652915164828,0.136214956641,0.435360968113,0.0655168667436,0.0371161997318,0.424452364445,0.0647397637367,-0.0608773827553,0.412750482559,0.0621129497886,-0.160003244877,0.402203261852,0.0585484392941,-0.258593052626,0.386052012444,0.0519146732986,-0.379298955202,0.419904530048,0.0528578944504,-0.368298530579
1776718731.7,0.464526623487,0.067531093955,0.434374809265,0.459854424,0.0611550211906,0.335643053055,0.45194119215,0.0641196295619,0.235669225454,0.442816376686,0.0666416287422,0.136073052883,0.432363092899,0.0664209127426,0.0376101508737,0.420198440552,0.0664502680302,-0.0603813230991,0.408338785172,0.0642584115267,-0.15960931778,0.397118031979,0.0610062256455,-0.258159995079,0.381017446518,0.0559511147439,-0.379702180624,0.412640035152,0.0571862868965,-0.368298530579
1776718731.71,0.461884617805,0.0721534490585,0.434886932373,0.455426931381,0.0661124736071,0.33663842082,0.446958124638,0.0679429844022,0.236225917935,0.436692118645,0.0695381239057,0.137203663588,0.425028502941,0.0690623298287,0.0386045053601,0.413661599159,0.0687530264258,-0.0591254979372,0.400290668011,0.0669262930751,-0.159126192331,0.388025999069,0.0656713321805,-0.257060676813,0.37208288908,0.0621621087193,-0.378654778004,0.40550416708,0.0615146830678,-0.368298530579
1776718731.73,0.459195524454,0.0768289864063,0.435423076153,0.453158080578,0.0683070197701,0.336934447289,0.443885743618,0.0696519166231,0.236751437187,0.433622956276,0.0708729997277,0.137506708503,0.421467959881,0.0699970647693,0.0392924100161,0.409724712372,0.0694323033094,-0.0586939752102,0.396033585072,0.0683714225888,-0.157988250256,0.384192109108,0.0682753324509,-0.256709933281,0.366930663586,0.0652895718813,-0.378035783768,0.398510158062,0.0658430755138,-0.368298530579
1776718731.74,0.456499546766,0.0814067572355,0.435989439487,0.448883116245,0.0730393975973,0.337893426418,0.438586294651,0.0731197074056,0.238671988249,0.42734849453,0.0728458166122,0.138206288218,0.415177285671,0.0713157057762,0.0402150526643,0.402907252312,0.0707527920604,-0.0576535761356,0.388703525066,0.0711449533701,-0.156765162945,0.375545978546,0.0721281319857,-0.255983054638,0.357922911644,0.0718922019005,-0.376548230648,0.39167124033,0.0701714679599,-0.368298530579
1776718731.76,0.453705281019,0.0860496014357,0.436510503292,0.446572065353,0.0757559388876,0.338272958994,0.435964405537,0.0746474042535,0.238426759839,0.424147069454,0.0734057351947,0.138171687722,0.4118719697,0.0719704031944,0.0412129759789,0.399274170399,0.0717930421233,-0.0567366927862,0.385163903236,0.0729685053229,-0.15555280447,0.371772646904,0.073862247169,-0.255255907774,0.354331612587,0.0752141848207,-0.375647425652,0.385000169277,0.0744998604059,-0.368298530579
1776718731.77,0.450964659452,0.0905973017216,0.4369315207,0.442776918411,0.0805399864912,0.339440762997,0.431032955647,0.0782905891538,0.239466041327,0.418653428555,0.0758779793978,0.139451026917,0.405482709408,0.0741300731897,0.0421045124531,0.392739236355,0.0738252401352,-0.0558100938797,0.377621114254,0.0757866799831,-0.154823005199,0.363703608513,0.0790997222066,-0.2539511621,0.346175909042,0.0820148065686,-0.374045580626,0.37850946188,0.078828252852,-0.368298530579
1776718731.79,0.44823718071,0.095311999321,0.437406420708,0.44058573246,0.0827694013715,0.339617192745,0.428887248039,0.0798246785998,0.23994782567,0.416174590588,0.0775083005428,0.140156790614,0.402949690819,0.0751026645303,0.0427225828171,0.388637959957,0.0755838900805,-0.0553408414125,0.374057173729,0.0774540603161,-0.154361784458,0.359987676144,0.0812474265695,-0.253134250641,0.341796994209,0.0856381803751,-0.374148607254,0.37221121788,0.083156645298,-0.368298530579
1776718731.8,0.445612341166,0.0999113246799,0.437900513411,0.436498105526,0.0875769779086,0.340353667736,0.424270510674,0.0842240601778,0.240757480264,0.41139882803,0.0810456499457,0.140887439251,0.397514224052,0.0782474800944,0.0438036099076,0.383283019066,0.0792586654425,-0.0537704229355,0.367914676666,0.0812639966607,-0.15351319313,0.353719115257,0.0861486122012,-0.25194939971,0.335754215717,0.0917830243707,-0.372296512127,0.366117298603,0.0874850451946,-0.368298530579
1776718731.82,0.442988723516,0.10479658097,0.438483864069,0.434453070164,0.0901141986251,0.340685456991,0.422408461571,0.0864564552903,0.241582915187,0.409157812595,0.082875661552,0.141437485814,0.395098567009,0.0803583860397,0.0441381409764,0.379700243473,0.0813564658165,-0.0536584854126,0.364790916443,0.0836710110307,-0.152903258801,0.350362539291,0.088912576437,-0.251983761787,0.331934213638,0.0950300469995,-0.372244626284,0.36023914814,0.0918134376407,-0.368298530579
1776718731.83,0.440396606922,0.109799012542,0.439100474119,0.430801451206,0.0958688780665,0.341442167759,0.418291568756,0.0918919593096,0.242373019457,0.404476523399,0.0881864801049,0.142329514027,0.389634251595,0.0857358649373,0.04511757195,0.375946223736,0.0867251083255,-0.0520516782999,0.360456645489,0.0888420045376,-0.151421159506,0.343850135803,0.0941080003977,-0.250093966722,0.325828582048,0.100925035775,-0.371104240417,0.354587674141,0.0961418300867,-0.368298530579
1776718731.85,0.437800705433,0.114985942841,0.43972954154,0.428919315338,0.0994048565626,0.341618061066,0.41613227129,0.0949385613203,0.242180541158,0.402189731598,0.0914006903768,0.142263844609,0.387685596943,0.0889671072364,0.0448225736618,0.373775243759,0.0899020656943,-0.0514001399279,0.357304155827,0.0926822572947,-0.150411188602,0.338980674744,0.0986008122563,-0.251621544361,0.32290288806,0.103422574699,-0.37009075284,0.349173486233,0.100470222533,-0.368298530579
1776718731.86,0.435194760561,0.120112843812,0.440383702517,0.425338864326,0.105870068073,0.342877686024,0.412761449814,0.101699449122,0.243169143796,0.398010373116,0.0984359830618,0.143647044897,0.383630931377,0.0954873710871,0.0459290891886,0.369491755962,0.0967671573162,-0.0502012521029,0.352811217308,0.098565466702,-0.149960815907,0.335118949413,0.104851521552,-0.249554693699,0.317351073027,0.108803331852,-0.369203180075,0.344006836414,0.104798614979,-0.368298530579
1776718731.88,0.432640075684,0.125102251768,0.44107863307,0.424087524414,0.109282381833,0.342928677797,0.410898149014,0.105629570782,0.243520125747,0.39684689045,0.102337621152,0.143923178315,0.381824374199,0.0998125523329,0.0467996746302,0.367090821266,0.100486546755,-0.0500581860542,0.350120484829,0.103018455207,-0.149657040834,0.334576308727,0.106863990426,-0.248027056456,0.315302908421,0.111199244857,-0.368136703968,0.339097261429,0.109127007425,-0.368298530579
1776718731.9,0.430240005255,0.129740819335,0.44172000885,0.420439779758,0.117014318705,0.344412326813,0.407494485378,0.11416760087,0.244380444288,0.393293380737,0.111442387104,0.14482396841,0.378511965275,0.109297826886,0.0478283986449,0.363961279392,0.109569780529,-0.0485701709986,0.345571219921,0.110799133778,-0.149008929729,0.330523192883,0.113562919199,-0.248105347157,0.310990691185,0.116053916514,-0.367347925901,0.334453999996,0.113455399871,-0.368298530579
1776718731.91,0.42775708437,0.134268179536,0.442342221737,0.418856263161,0.120974421501,0.345208764076,0.406234800816,0.118477091193,0.244746938348,0.391683638096,0.116254426539,0.145223602653,0.377352535725,0.114264793694,0.0480860993266,0.362583100796,0.113418780267,-0.0488326400518,0.343653440475,0.114887848496,-0.14934784174,0.329119205475,0.116602689028,-0.246762007475,0.308583170176,0.11866607517,-0.367541819811,0.330085813999,0.117783799767,-0.368298530579
1776718731.92,0.425107747316,0.138984426856,0.442906349897,0.415933847427,0.128224283457,0.345128178596,0.403300821781,0.127092733979,0.246189028025,0.389116585255,0.12583629787,0.146021336317,0.374244093895,0.124113112688,0.0485292971134,0.359300434589,0.122578307986,-0.0488598644733,0.341606914997,0.122497409582,-0.148181647062,0.325922906399,0.123072981834,-0.245839267969,0.305456906557,0.122983515263,-0.366070151329,0.326000869274,0.122112192214,-0.368298530579
1776718731.94,0.422858446836,0.142763912678,0.443242818117,0.414182186127,0.131936430931,0.345738172531,0.401698291302,0.131313085556,0.245957046747,0.387675821781,0.130606532097,0.146218270063,0.373427331448,0.12914930284,0.0496471077204,0.358760178089,0.127909377217,-0.047707259655,0.339856505394,0.126717463136,-0.147907048464,0.325353831053,0.126852914691,-0.245852768421,0.303677558899,0.125716775656,-0.366596192122,0.322206735611,0.12644058466,-0.368298530579
1776718731.95,0.420281499624,0.146910324693,0.44355687499,0.409590780735,0.14188529551,0.347149014473,0.397500455379,0.14354531467,0.247058436275,0.384016811848,0.144162520766,0.14724637568,0.369682073593,0.143382966518,0.050386313349,0.354828774929,0.141756117344,-0.047623872757,0.336082160473,0.140330001712,-0.147235423326,0.322189211845,0.137131482363,-0.244406014681,0.299464136362,0.133049249649,-0.36560729146,0.318710595369,0.130768984556,-0.368298530579
1776718731.97,0.418190121651,0.150089204311,0.443677335978,0.411116182804,0.13867405057,0.346431732178,0.39900714159,0.139697149396,0.246620446444,0.385362386703,0.139977172017,0.147175386548,0.370865702629,0.138929367065,0.0497042834759,0.355792939663,0.137464910746,-0.0476666986942,0.337778270245,0.136337548494,-0.14710393548,0.322729676962,0.133662804961,-0.244709432125,0.301277637482,0.129672378302,-0.365189880133,0.315518975258,0.135097369552,-0.368298530579
1776718731.98,0.416066288948,0.153378814459,0.443736463785,0.406502842903,0.147854596376,0.347205996513,0.394471466541,0.15036213398,0.247030302882,0.381566405296,0.152750477195,0.147895619273,0.367856562138,0.152040854096,0.0503924749792,0.353294312954,0.150978177786,-0.0468558520079,0.335726618767,0.14812296629,-0.146311163902,0.32120847702,0.144249558449,-0.243524938822,0.298749744892,0.137451723218,-0.364217668772,0.312637865543,0.139425769448,-0.368298530579
1776718732,0.414141744375,0.156430840492,0.443726330996,0.405119717121,0.150440514088,0.347985267639,0.392961323261,0.153653100133,0.247337326407,0.380516648293,0.156454339623,0.148057222366,0.366605877876,0.156185314059,0.0511914230883,0.352333545685,0.155669331551,-0.0465647578239,0.335527896881,0.152483582497,-0.145680993795,0.320793479681,0.147450342774,-0.243458837271,0.298652261496,0.139956623316,-0.363932073116,0.310072630644,0.143754154444,-0.368298530579
1776718732.01,0.412479281425,0.159172818065,0.443648219109,0.402578473091,0.155191347003,0.348231196404,0.390306591988,0.159552544355,0.247156560421,0.378051757812,0.162388116121,0.148193180561,0.36457413435,0.16293373704,0.0508050657809,0.349939227104,0.162099212408,-0.0466539114714,0.334534168243,0.15903121233,-0.145948857069,0.319928646088,0.154617324471,-0.243367493153,0.297888249159,0.145942032337,-0.364461869001,0.307828128338,0.14808255434,-0.368298530579
1776718732.03,0.410685837269,0.162218213081,0.443442672491,0.401135921478,0.157391905785,0.348034262657,0.38915336132,0.161802187562,0.247394368052,0.377359747887,0.165404707193,0.148494631052,0.363827466965,0.166223421693,0.0505323521793,0.350230634212,0.165185153484,-0.0471094250679,0.3336378932,0.162429392338,-0.146153450012,0.319577425718,0.156867489219,-0.244011253119,0.297719210386,0.149518743157,-0.364789426327,0.305908501148,0.152410939336,-0.368298530579
1776718732.04,0.409142136574,0.16496732831,0.4431168437,0.398712277412,0.161401808262,0.348179161549,0.386717557907,0.165682762861,0.246994107962,0.374814271927,0.16950969398,0.147802770138,0.362147152424,0.17068053782,0.0504694916308,0.349154293537,0.170501515269,-0.0460852831602,0.332843005657,0.167571827769,-0.146685957909,0.319451600313,0.163058266044,-0.244382083416,0.298837393522,0.155230686069,-0.365099400282,0.304317384958,0.156739339232,-0.368298530579
1776718732.06,0.407676011324,0.167788848281,0.442701041698,0.397763848305,0.163011789322,0.348050713539,0.385958015919,0.167271569371,0.247137963772,0.373901546001,0.171361044049,0.148036256433,0.361616194248,0.172032907605,0.0504700988531,0.348327815533,0.171899199486,-0.0470792204142,0.332405149937,0.169625520706,-0.146707296371,0.319374233484,0.165401607752,-0.244314521551,0.299246698618,0.158237800002,-0.365254074335,0.30305776,0.161067739129,-0.368298530579
1776718732.07,0.406290560961,0.170683458447,0.442230433226,0.39595323801,0.166275307536,0.347476422787,0.384081065655,0.170147493482,0.246540978551,0.372350096703,0.173536732793,0.147198721766,0.359717428684,0.174554616213,0.0501171126962,0.346007585526,0.175168290734,-0.0481752157211,0.332410573959,0.173521190882,-0.14741307497,0.31969243288,0.170544654131,-0.245902180672,0.301290184259,0.165302380919,-0.366257637739,0.302131980658,0.165396124125,-0.368298530579
1776718732.09,0.405117958784,0.173306614161,0.441765516996,0.394782483578,0.167809203267,0.347407221794,0.383302092552,0.171030640602,0.246457338333,0.371588528156,0.174245133996,0.147056370974,0.359110116959,0.175582304597,0.0501454509795,0.345693469048,0.17607845366,-0.0481906682253,0.332205295563,0.175141021609,-0.148012250662,0.320057362318,0.17338950932,-0.24588572979,0.302956163883,0.168782547116,-0.367078214884,0.301541745663,0.169724524021,-0.368298530579
1776718732.1,0.403612971306,0.176758542657,0.441156059504,0.393364787102,0.170556277037,0.346803069115,0.381668269634,0.173054650426,0.245591849089,0.370116651058,0.174804031849,0.146395266056,0.357812821865,0.175806224346,0.0488689467311,0.346040010452,0.1764716506,-0.0496508330107,0.331663966179,0.177936509252,-0.149316430092,0.321126073599,0.177928671241,-0.2475464046,0.305078685284,0.176665216684,-0.368457317352,0.301288217306,0.174052909017,-0.368298530579
1776718732.12,0.402253836393,0.179892033339,0.44057354331,0.39192378521,0.17199742794,0.345260262489,0.380797863007,0.173579379916,0.245016202331,0.369540154934,0.175147280097,0.145956248045,0.35748064518,0.175901427865,0.0484184324741,0.34610670805,0.176996767521,-0.0501823574305,0.332056224346,0.178846523166,-0.150020599365,0.321808487177,0.180436730385,-0.248515456915,0.306597441435,0.180704072118,-0.369453281164,0.301371872425,0.178381308913,-0.368298530579
1776718732.13,0.400868952274,0.183105021715,0.439975291491,0.39022475481,0.174942299724,0.344799280167,0.379580080509,0.175390526652,0.244627758861,0.368656516075,0.175818547606,0.145238295197,0.357201218605,0.175719156861,0.0467615798116,0.346781492233,0.177919119596,-0.0508645772934,0.333172678947,0.181476905942,-0.151167243719,0.323874980211,0.184657543898,-0.249832093716,0.310046344995,0.187954425812,-0.370816379786,0.301792502403,0.182709693909,-0.368298530579
1776718732.15,0.399628102779,0.185925126076,0.439468234777,0.389609396458,0.176791042089,0.344581961632,0.378913462162,0.176053255796,0.24441935122,0.368143796921,0.176296204329,0.144736394286,0.35731703043,0.175770014524,0.0465634688735,0.347159147263,0.178153693676,-0.0513127595186,0.33221077919,0.18311303854,-0.153425574303,0.324107497931,0.187228217721,-0.250629246235,0.311439931393,0.19233904779,-0.371662795544,0.30254933238,0.187038093805,-0.368298530579
1776718732.16,0.397847145796,0.189750611782,0.438841342926,0.38765257597,0.179936170578,0.343590199947,0.377962529659,0.178745657206,0.243209883571,0.367902040482,0.17791762948,0.143760487437,0.357953846455,0.177230462432,0.0455941185355,0.348782658577,0.180379629135,-0.051994368434,0.334790766239,0.185753971338,-0.153928786516,0.327435046434,0.191609874368,-0.251474410295,0.315389424562,0.199285775423,-0.372369796038,0.303640961647,0.191366493702,-0.368298530579
1776718732.18,0.396177649498,0.193114325404,0.438299000263,0.387312948704,0.181749224663,0.34349745512,0.377601742744,0.179763421416,0.242873862386,0.368074655533,0.178762570024,0.143397241831,0.358551740646,0.178086638451,0.0450792759657,0.349112212658,0.180750101805,-0.0526597052813,0.337598323822,0.186324208975,-0.15347340703,0.329452514648,0.193770289421,-0.252542674541,0.317628026009,0.20229049027,-0.372645705938,0.305065363646,0.195694878697,-0.368298530579
1776718732.19,0.394406020641,0.196467906237,0.43775215745,0.385536253452,0.185906842351,0.342390656471,0.376984596252,0.183259233832,0.242013275623,0.368337094784,0.181489303708,0.14249484241,0.359715223312,0.181080132723,0.0441431179643,0.350207090378,0.183965995908,-0.0540931522846,0.338540792465,0.191275268793,-0.155324190855,0.327759742737,0.200969457626,-0.257526576519,0.321874707937,0.208716154099,-0.37360021472,0.306819826365,0.200023278594,-0.368298530579
1776718732.21,0.392534196377,0.199775636196,0.437222987413,0.384726345539,0.187766179442,0.342135280371,0.376765370369,0.185491606593,0.241550609469,0.368642866611,0.183557763696,0.141608923674,0.360486924648,0.183230534196,0.0434463694692,0.352345466614,0.185994490981,-0.0545345693827,0.340136051178,0.193637609482,-0.155670255423,0.332195043564,0.202096402645,-0.254878371954,0.32426020503,0.212016448379,-0.374558359385,0.308901101351,0.204351663589,-0.368298530579
1776718732.22,0.390505224466,0.203085497022,0.436703234911,0.383450567722,0.192447721958,0.341043531895,0.376442492008,0.189647182822,0.240400701761,0.36955934763,0.188284292817,0.140914529562,0.362343490124,0.187891513109,0.0425438284874,0.354941725731,0.191206470132,-0.055799216032,0.345523655415,0.197733521461,-0.156670898199,0.336899280548,0.207692176104,-0.255328327417,0.328930556774,0.218042135239,-0.375701934099,0.311305254698,0.208680063486,-0.368298530579
1776718732.24,0.388435721397,0.206179410219,0.436197221279,0.382469773293,0.194421067834,0.340672135353,0.376160264015,0.192697390914,0.2403241992,0.370058000088,0.191628649831,0.140204459429,0.363052546978,0.191245287657,0.0415897667408,0.35670208931,0.194641411304,-0.0554549843073,0.345151662827,0.202251642942,-0.158124834299,0.340043485165,0.209885433316,-0.256768643856,0.331191182137,0.221020519733,-0.376191675663,0.314027816057,0.213008448482,-0.368298530579
1776718732.25,0.386308699846,0.208984181285,0.435742944479,0.38053804636,0.199682235718,0.340058505535,0.375672280788,0.198178187013,0.239391535521,0.370828926563,0.19820228219,0.139198616147,0.365070283413,0.198431506753,0.0412850752473,0.359312832355,0.202008530498,-0.0571402311325,0.355649292469,0.206621706486,-0.154102027416,0.343964874744,0.216532707214,-0.256723076105,0.335929811001,0.225991412997,-0.37792429328,0.31706365943,0.217336848378,-0.368298530579
1776718732.27,0.384140461683,0.211489155889,0.435289084911,0.38053804636,0.199682235718,0.340058505535,0.375672280788,0.198178187013,0.239391535521,0.370828926563,0.19820228219,0.139198616147,0.365070283413,0.198431506753,0.0412850752473,0.359312832355,0.202008530498,-0.0571402311325,0.355649292469,0.206621706486,-0.154102027416,0.343964874744,0.216532707214,-0.256723076105,0.335929811001,0.225991412997,-0.37792429328,0.320407092571,0.221665248275,-0.368298530579
1776718732.28,0.382008701563,0.213630229235,0.434891611338,0.377570748329,0.207165390253,0.339171916246,0.374240875244,0.208138331771,0.238180279732,0.371464192867,0.209688618779,0.138239979744,0.367177903652,0.211575955153,0.0398413166404,0.363761603832,0.214502319694,-0.0585426241159,0.358331084251,0.219235599041,-0.158383190632,0.352786302567,0.225738510489,-0.257600963116,0.345252990723,0.232254087925,-0.379414141178,0.324051886797,0.22599363327,-0.368298530579
1776718732.3,0.380156546831,0.215216472745,0.434618502855,0.376242101192,0.209567368031,0.338922441006,0.37382286787,0.211833044887,0.238758459687,0.371157944202,0.214305505157,0.138329342008,0.368089616299,0.216088473797,0.0392461791635,0.364071130753,0.219518736005,-0.0594523847103,0.360127687454,0.223181292415,-0.158903151751,0.355491816998,0.228374525905,-0.258313387632,0.348510086536,0.234131619334,-0.379866778851,0.327991217375,0.230322033167,-0.368298530579
1776718732.32,0.377786904573,0.216965898871,0.434362441301,0.374610543251,0.214121907949,0.338498651981,0.372735500336,0.218183279037,0.237538516521,0.371286273003,0.222590342164,0.137373924255,0.369461834431,0.225451305509,0.0392799079418,0.367587447166,0.228873431683,-0.0589408278465,0.36328625679,0.231771975756,-0.158985197544,0.359908223152,0.235605701804,-0.258781313896,0.354451596737,0.238307908177,-0.380553394556,0.332217633724,0.234650418162,-0.368298530579
1776718732.33,0.375808984041,0.218231111765,0.434255868196,0.373427271843,0.216075018048,0.33818140626,0.372151076794,0.221619814634,0.237356469035,0.371199548244,0.226547956467,0.137374714017,0.369888901711,0.230022847652,0.0390118360519,0.36828649044,0.232778668404,-0.059526219964,0.365583240986,0.235113978386,-0.159811854362,0.362240672112,0.238486304879,-0.259027093649,0.357277810574,0.239836066961,-0.3808170259,0.336723327637,0.238978818059,-0.368298530579
1776718732.34,0.37388792634,0.21933105588,0.434225916862,0.371887564659,0.219960302114,0.338417053223,0.371293187141,0.22714933753,0.237341836095,0.37099313736,0.233691170812,0.137599676847,0.370421588421,0.237691685557,0.0392728447914,0.369043767452,0.24139931798,-0.0593279004097,0.368613064289,0.242260292172,-0.16010299325,0.367243826389,0.244260504842,-0.258623450994,0.363690972328,0.243890091777,-0.381252616644,0.34149980545,0.243307203054,-0.368298530579
1776718732.36,0.372126758099,0.220301941037,0.434240549803,0.370977044106,0.221368342638,0.338206291199,0.370625257492,0.229253187776,0.237422734499,0.371127605438,0.2366771698,0.137617796659,0.370943546295,0.241249978542,0.0390256717801,0.37070697546,0.244672447443,-0.059324413538,0.368962347507,0.246101796627,-0.159112870693,0.369575619698,0.247158154845,-0.258563071489,0.367244064808,0.245687738061,-0.380197972059,0.346538066864,0.247635602951,-0.368298530579
1776718732.37,0.37024140358,0.221398741007,0.434264451265,0.369351327419,0.223463460803,0.338288933039,0.370006263256,0.232833459973,0.238171413541,0.370446503162,0.24142485857,0.137987107038,0.371575415134,0.247061774135,0.0396150276065,0.372359037399,0.250877350569,-0.0585444569588,0.37201911211,0.252427250147,-0.158896863461,0.373879253864,0.252645105124,-0.257937580347,0.373612761497,0.249922007322,-0.379308491945,0.351828753948,0.251964002848,-0.368298530579
1776718732.39,0.368577927351,0.222491189837,0.434322357178,0.368267953396,0.224528104067,0.338741242886,0.369261026382,0.234216108918,0.238246932626,0.370391309261,0.243349164724,0.137974381447,0.371584892273,0.24919077754,0.0396401137114,0.373059332371,0.25321701169,-0.0585158020258,0.373818397522,0.254750728607,-0.158647477627,0.376148402691,0.255082607269,-0.258110314608,0.377934455872,0.252371698618,-0.379784315825,0.357361912727,0.256292402744,-0.368298530579
1776718732.4,0.366986364126,0.223681360483,0.434452980757,0.366923213005,0.225199580193,0.338135182858,0.368531525135,0.235171809793,0.238018512726,0.370403885841,0.244324460626,0.137513011694,0.371618211269,0.250941991806,0.0398848876357,0.372974693775,0.255491703749,-0.0586620420218,0.375259339809,0.257111728191,-0.158605158329,0.378436982632,0.257316112518,-0.257585138083,0.38148868084,0.254696071148,-0.37909924984,0.363127171993,0.260620772839,-0.368298530579
1776718732.42,0.365485787392,0.224983140826,0.434594392776,0.365194618702,0.226073250175,0.338045030832,0.367013096809,0.236263424158,0.238242149353,0.369492053986,0.245563641191,0.138033330441,0.371952354908,0.252752840519,0.0401752218604,0.375407934189,0.257756650448,-0.0582076311111,0.378607273102,0.259991496801,-0.158185958862,0.383489847183,0.26113730669,-0.256818503141,0.38781774044,0.259611606598,-0.379073619843,0.36911380291,0.264949172735,-0.368298530579
1776718732.43,0.364104896784,0.226486042142,0.434752613306,0.363271892071,0.227446779609,0.338098824024,0.36549693346,0.23642770946,0.238434895873,0.368243157864,0.245494768023,0.138646379113,0.372284173965,0.252497524023,0.0403754040599,0.377409219742,0.258247494698,-0.0577126890421,0.381609380245,0.262053579092,-0.157771885395,0.3874386549,0.264741539955,-0.256941407919,0.393612623215,0.265102863312,-0.378407478333,0.375310480595,0.269277572632,-0.368298530579
1776718732.45,0.362879276276,0.22819699347,0.434962451458,0.362670004368,0.227812796831,0.338481366634,0.364968240261,0.236328139901,0.238279208541,0.368084192276,0.244701012969,0.138274744153,0.373340368271,0.251196563244,0.0401401817799,0.378153920174,0.257626593113,-0.0579084604979,0.383520841599,0.262178748846,-0.158138215542,0.38995474577,0.265881001949,-0.257424473763,0.39710444212,0.267515748739,-0.378442943096,0.381705701351,0.273605972528,-0.368298530579
1776718732.46,0.361829698086,0.230069220066,0.435161560774,0.36112511158,0.228875160217,0.338685572147,0.364141762257,0.235812097788,0.238670706749,0.368126809597,0.243136838078,0.138769388199,0.373265862465,0.24923658371,0.0402036383748,0.379313051701,0.256135851145,-0.0575450062752,0.386609137058,0.261814922094,-0.157762020826,0.394639849663,0.267946839333,-0.256837695837,0.403090775013,0.272954434156,-0.377417683601,0.388287425041,0.277934342623,-0.368298530579
1776718732.48,0.360936909914,0.232090979815,0.435360431671,0.360886573792,0.229319170117,0.339382112026,0.364070475101,0.235744938254,0.238952875137,0.36849886179,0.242097079754,0.138501510024,0.37382286787,0.24838155508,0.0404599606991,0.381083071232,0.254642695189,-0.0584336221218,0.387437522411,0.261362075806,-0.157018899918,0.396122694016,0.268581002951,-0.256832957268,0.406107366085,0.275842189789,-0.377364426851,0.395043313503,0.282262742519,-0.368298530579
1776718732.49,0.36021772027,0.234196200967,0.435550153255,0.360346496105,0.230814546347,0.339439451694,0.363735079765,0.235347956419,0.23865441978,0.369341135025,0.2403691113,0.138303130865,0.375549435616,0.245241329074,0.0404109656811,0.382941424847,0.25215575099,-0.0580669939518,0.390130281448,0.260020881891,-0.157125383615,0.399855196476,0.26972079277,-0.255791336298,0.411641895771,0.281001061201,-0.37587878108,0.401960790157,0.286591142416,-0.368298530579
1776718732.51,0.359738796949,0.236398264766,0.43571126461,0.360233128071,0.231796592474,0.339536190033,0.363899409771,0.235274538398,0.238650605083,0.369967877865,0.239539802074,0.138446629047,0.376430332661,0.243917137384,0.0405614897609,0.38316899538,0.250801831484,-0.0576504021883,0.392246127129,0.259101271629,-0.157094329596,0.401657164097,0.270937651396,-0.255998730659,0.41411280632,0.283189356327,-0.374868661165,0.409026801586,0.290919542313,-0.368298530579
1776718732.52,0.359454721212,0.238902032375,0.435875564814,0.359675109386,0.232905849814,0.339386314154,0.364842832088,0.235407218337,0.239257767797,0.371108293533,0.23815497756,0.138491109014,0.378167748451,0.241611793637,0.040939964354,0.385675728321,0.248860090971,-0.0578242987394,0.395477056503,0.258847415447,-0.156483829021,0.405140578747,0.272424787283,-0.255594223738,0.418827474117,0.287764072418,-0.374490529299,0.416228175163,0.295247942209,-0.368298530579
1776718732.54,0.359374672174,0.241243153811,0.436036348343,0.360059022903,0.233671918511,0.339813113213,0.365375339985,0.235578641295,0.23949483037,0.371743083,0.237773612142,0.139338344336,0.379068493843,0.241103559732,0.0410378724337,0.386855602264,0.248642534018,-0.0571797639132,0.397333681583,0.258773833513,-0.156952232122,0.407224476337,0.273180067539,-0.254829645157,0.420684397221,0.289781093597,-0.374090820551,0.423551380634,0.299576312304,-0.368298530579
1776718732.6,0.35950884223,0.243838921189,0.436157435179,0.360485196114,0.235846087337,0.340025007725,0.366401970387,0.236388996243,0.239650830626,0.373420774937,0.23819245398,0.139584988356,0.381211936474,0.241297513247,0.0410993993282,0.389645695686,0.249206751585,-0.0565364360809,0.400658488274,0.259988218546,-0.155849337578,0.410814702511,0.275309711695,-0.254616200924,0.424394190311,0.293242812157,-0.372753620148,0.430982708931,0.3039047122,-0.368298530579
