traj_name,total_time,frames,rmse_cm,mean_err_cm,max_err_cm,avg_infer_ms,task_time_s,endpoint_file
sin_4.0s,4.0,160,9.694557,7.014411,31.805750,65.350190,12.936857,m2pc_sin_4s.npy
egg_4.0s,4.0,160,6.904878,5.667777,21.031506,61.152795,12.129716,m2pc_egg_4s.npy
eight_4.0s,4.0,160,6.573084,5.192928,21.223862,59.383744,11.700791,m2pc_eight_4s.npy
sin_5.0s,5.0,200,6.227890,4.467465,22.216793,61.056731,15.095740,m2pc_sin_5s.npy
egg_5.0s,5.0,200,4.850198,4.068042,15.083744,59.362451,14.674211,m2pc_egg_5s.npy
eight_5.0s,5.0,200,4.795526,4.096781,14.699337,60.799901,15.071727,m2pc_eight_5s.npy
sin_6.0s,6.0,240,4.646782,3.537492,17.586393,57.943203,17.242937,m2pc_sin_6s.npy
egg_6.0s,6.0,240,3.956070,3.441052,11.736404,57.062571,17.044483,m2pc_egg_6s.npy
eight_6.0s,6.0,240,3.769516,3.292343,11.091643,56.824030,16.970897,m2pc_eight_6s.npy
SpongeBob_12.0s,12.0,480,7.496663,6.344814,20.048218,56.887468,33.897366,m2pc_SpongeBob_12s.npy
flower_12.0s,12.0,480,5.428068,4.720577,16.448656,56.641929,33.860153,m2pc_flower_12s.npy
PatrickStar_12.0s,12.0,480,8.497692,6.882787,26.243029,56.741124,33.949423,m2pc_PatrickStar_12s.npy
SpongeBob_15.0s,15.0,600,5.674651,4.829196,14.472881,56.458361,42.338182,m2pc_SpongeBob_15s.npy
flower_15.0s,15.0,600,4.118670,3.651004,12.588861,56.554617,42.346038,m2pc_flower_15s.npy
PatrickStar_15.0s,15.0,600,6.999537,5.454787,26.701897,56.750628,42.550166,m2pc_PatrickStar_15s.npy
SpongeBob_18.0s,18.0,720,4.082672,3.576776,11.148088,56.954363,51.244919,m2pc_SpongeBob_18s.npy
flower_18.0s,18.0,720,3.378215,3.014684,10.066017,56.971840,51.210779,m2pc_flower_18s.npy
PatrickStar_18.0s,18.0,720,3.581398,3.152758,11.058731,56.737802,51.102902,m2pc_PatrickStar_18s.npy
